index,href_path,full_path,file_name
0,/,https://www.classcentral.com/,0.html
1,/rankings,https://www.classcentral.com/rankings,1.html
2,/collections,https://www.classcentral.com/collections,2.html
3,/subjects,https://www.classcentral.com/subjects,3.html
4,/subject/cs,https://www.classcentral.com/subject/cs,4.html
5,/subject/health,https://www.classcentral.com/subject/health,5.html
6,/subject/maths,https://www.classcentral.com/subject/maths,6.html
7,/subject/business,https://www.classcentral.com/subject/business,7.html
8,/subject/humanities,https://www.classcentral.com/subject/humanities,8.html
9,/subject/engineering,https://www.classcentral.com/subject/engineering,9.html
10,/subject/science,https://www.classcentral.com/subject/science,10.html
11,/subject/education,https://www.classcentral.com/subject/education,11.html
12,/subject/social-sciences,https://www.classcentral.com/subject/social-sciences,12.html
13,/subject/art-and-design,https://www.classcentral.com/subject/art-and-design,13.html
14,/subject/data-science,https://www.classcentral.com/subject/data-science,14.html
15,/subject/programming-and-software-development,https://www.classcentral.com/subject/programming-and-software-development,15.html
16,/subject/personal-development,https://www.classcentral.com/subject/personal-development,16.html
17,/subject/infosec,https://www.classcentral.com/subject/infosec,17.html
18,/subjects,https://www.classcentral.com/subjects,18.html
19,/universities,https://www.classcentral.com/universities,19.html
20,/report/,https://www.classcentral.com/report/,20.html
21,/universities,https://www.classcentral.com/universities,21.html
22,/collection/top-free-online-courses,https://www.classcentral.com/collection/top-free-online-courses,22.html
23,https://www.classcentral.com/report/most-popular-online-courses/,https://www.classcentral.com/report/most-popular-online-courses/,23.html
24,/collection/top-free-online-courses,https://www.classcentral.com/collection/top-free-online-courses,24.html
25,https://www.classcentral.com/report/best-free-online-courses-2022/,https://www.classcentral.com/report/best-free-online-courses-2022/,25.html
26,https://www.classcentral.com/report/best-free-online-courses-2021/,https://www.classcentral.com/report/best-free-online-courses-2021/,26.html
27,https://www.classcentral.com/report/most-popular-online-courses/,https://www.classcentral.com/report/most-popular-online-courses/,27.html
28,https://www.classcentral.com/report/most-popular-courses-2022/,https://www.classcentral.com/report/most-popular-courses-2022/,28.html
29,https://www.classcentral.com/report/100-most-popular-online-courses-2021/,https://www.classcentral.com/report/100-most-popular-online-courses-2021/,29.html
30,/collection/ivy-league-moocs,https://www.classcentral.com/collection/ivy-league-moocs,30.html
31,https://www.classcentral.com/report/coursera-free-online-courses/,https://www.classcentral.com/report/coursera-free-online-courses/,31.html
32,https://www.classcentral.com/report/free-certificates/,https://www.classcentral.com/report/free-certificates/,32.html
33,https://www.classcentral.com/report/free-google-certifications/,https://www.classcentral.com/report/free-google-certifications/,33.html
34,/starting-this-month,https://www.classcentral.com/starting-this-month,34.html
35,/new-online-courses,https://www.classcentral.com/new-online-courses,35.html
36,/most-popular-courses,https://www.classcentral.com/most-popular-courses,36.html
37,/subject/ai,https://www.classcentral.com/subject/ai,37.html
38,/subject/algorithms-and-data-structures,https://www.classcentral.com/subject/algorithms-and-data-structures,38.html
39,/subject/internet-of-things,https://www.classcentral.com/subject/internet-of-things,39.html
40,/subject/information-technology,https://www.classcentral.com/subject/information-technology,40.html
41,/subject/computer-networking,https://www.classcentral.com/subject/computer-networking,41.html
42,/subject/machine-learning,https://www.classcentral.com/subject/machine-learning,42.html
43,/subject/devops,https://www.classcentral.com/subject/devops,43.html
44,/subject/deep-learning,https://www.classcentral.com/subject/deep-learning,44.html
45,/subject/cryptography,https://www.classcentral.com/subject/cryptography,45.html
46,/subject/quantum-computing,https://www.classcentral.com/subject/quantum-computing,46.html
47,/subject/hci,https://www.classcentral.com/subject/hci,47.html
48,/subject/distributed-systems,https://www.classcentral.com/subject/distributed-systems,48.html
49,/subject/blockchain,https://www.classcentral.com/subject/blockchain,49.html
50,/subject/operating-systems,https://www.classcentral.com/subject/operating-systems,50.html
51,/subject/computer-graphics,https://www.classcentral.com/subject/computer-graphics,51.html
52,/subject/cs,https://www.classcentral.com/subject/cs,52.html
53,/subject/nutrition-and-wellness,https://www.classcentral.com/subject/nutrition-and-wellness,53.html
54,/subject/disease-and-disorders,https://www.classcentral.com/subject/disease-and-disorders,54.html
55,/subject/public-health,https://www.classcentral.com/subject/public-health,55.html
56,/subject/health-care,https://www.classcentral.com/subject/health-care,56.html
57,/subject/nursing,https://www.classcentral.com/subject/nursing,57.html
58,/subject/anatomy,https://www.classcentral.com/subject/anatomy,58.html
59,/subject/veterinary-science,https://www.classcentral.com/subject/veterinary-science,59.html
60,/subject/cme,https://www.classcentral.com/subject/cme,60.html
61,/subject/health,https://www.classcentral.com/subject/health,61.html
62,/subject/statistics,https://www.classcentral.com/subject/statistics,62.html
63,/subject/foundations-of-mathematics,https://www.classcentral.com/subject/foundations-of-mathematics,63.html
64,/subject/calculus,https://www.classcentral.com/subject/calculus,64.html
65,/subject/discrete-mathematics,https://www.classcentral.com/subject/discrete-mathematics,65.html
66,/subject/trigonometry,https://www.classcentral.com/subject/trigonometry,66.html
67,/subject/geometry,https://www.classcentral.com/subject/geometry,67.html
68,/subject/algebra,https://www.classcentral.com/subject/algebra,68.html
69,/subject/precalculus,https://www.classcentral.com/subject/precalculus,69.html
70,/subject/number-theory,https://www.classcentral.com/subject/number-theory,70.html
71,/subject/combinatorics,https://www.classcentral.com/subject/combinatorics,71.html
72,/subject/mathematical-logic,https://www.classcentral.com/subject/mathematical-logic,72.html
73,/subject/linear-programming,https://www.classcentral.com/subject/linear-programming,73.html
74,/subject/maths,https://www.classcentral.com/subject/maths,74.html
75,/subject/management-and-leadership,https://www.classcentral.com/subject/management-and-leadership,75.html
76,/subject/finance,https://www.classcentral.com/subject/finance,76.html
77,/subject/entrepreneurship,https://www.classcentral.com/subject/entrepreneurship,77.html
78,/subject/marketing,https://www.classcentral.com/subject/marketing,78.html
79,/subject/strategic-management,https://www.classcentral.com/subject/strategic-management,79.html
80,/subject/industry-specific,https://www.classcentral.com/subject/industry-specific,80.html
81,/subject/business-intelligence,https://www.classcentral.com/subject/business-intelligence,81.html
82,/subject/accounting,https://www.classcentral.com/subject/accounting,82.html
83,/subject/human-resources,https://www.classcentral.com/subject/human-resources,83.html
84,/subject/project-management,https://www.classcentral.com/subject/project-management,84.html
85,/subject/sales,https://www.classcentral.com/subject/sales,85.html
86,/subject/design-thinking,https://www.classcentral.com/subject/design-thinking,86.html
87,/subject/business-software,https://www.classcentral.com/subject/business-software,87.html
88,/subject/risk-management,https://www.classcentral.com/subject/risk-management,88.html
89,/subject/csr,https://www.classcentral.com/subject/csr,89.html
90,/subject/customer-service,https://www.classcentral.com/subject/customer-service,90.html
91,/subject/nonprofit,https://www.classcentral.com/subject/nonprofit,91.html
92,/subject/innovation,https://www.classcentral.com/subject/innovation,92.html
93,/subject/operations-management,https://www.classcentral.com/subject/operations-management,93.html
94,/subject/business,https://www.classcentral.com/subject/business,94.html
95,/subject/history,https://www.classcentral.com/subject/history,95.html
96,/subject/literature,https://www.classcentral.com/subject/literature,96.html
97,/subject/language-learning,https://www.classcentral.com/subject/language-learning,97.html
98,/subject/grammar-writing,https://www.classcentral.com/subject/grammar-writing,98.html
99,/subject/philosophy,https://www.classcentral.com/subject/philosophy,99.html
100,/subject/religion,https://www.classcentral.com/subject/religion,100.html
101,/subject/esl,https://www.classcentral.com/subject/esl,101.html
102,/subject/culture,https://www.classcentral.com/subject/culture,102.html
103,/subject/sports,https://www.classcentral.com/subject/sports,103.html
104,/subject/journalism,https://www.classcentral.com/subject/journalism,104.html
105,/subject/ethics,https://www.classcentral.com/subject/ethics,105.html
106,/subject/linguistics,https://www.classcentral.com/subject/linguistics,106.html
107,/subject/food,https://www.classcentral.com/subject/food,107.html
108,/subject/library-science,https://www.classcentral.com/subject/library-science,108.html
109,/subject/reading,https://www.classcentral.com/subject/reading,109.html
110,/subject/crisis-management,https://www.classcentral.com/subject/crisis-management,110.html
111,/subject/humanities,https://www.classcentral.com/subject/humanities,111.html
112,/subject/electrical-engineering,https://www.classcentral.com/subject/electrical-engineering,112.html
113,/subject/mechanical-engineering,https://www.classcentral.com/subject/mechanical-engineering,113.html
114,/subject/civil-engineering,https://www.classcentral.com/subject/civil-engineering,114.html
115,/subject/robotics,https://www.classcentral.com/subject/robotics,115.html
116,/subject/nanotechnology,https://www.classcentral.com/subject/nanotechnology,116.html
117,/subject/gis,https://www.classcentral.com/subject/gis,117.html
118,/subject/textiles,https://www.classcentral.com/subject/textiles,118.html
119,/subject/manufacturing,https://www.classcentral.com/subject/manufacturing,119.html
120,/subject/bim,https://www.classcentral.com/subject/bim,120.html
121,/subject/cad,https://www.classcentral.com/subject/cad,121.html
122,/subject/chemical-engineering,https://www.classcentral.com/subject/chemical-engineering,122.html
123,/subject/energy-systems,https://www.classcentral.com/subject/energy-systems,123.html
124,/subject/aerospace-engineering,https://www.classcentral.com/subject/aerospace-engineering,124.html
125,/subject/engineering,https://www.classcentral.com/subject/engineering,125.html
126,/subject/chemistry,https://www.classcentral.com/subject/chemistry,126.html
127,/subject/physics,https://www.classcentral.com/subject/physics,127.html
128,/subject/environmental-science,https://www.classcentral.com/subject/environmental-science,128.html
129,/subject/astronomy,https://www.classcentral.com/subject/astronomy,129.html
130,/subject/biology,https://www.classcentral.com/subject/biology,130.html
131,/subject/agriculture,https://www.classcentral.com/subject/agriculture,131.html
132,/subject/materials-science,https://www.classcentral.com/subject/materials-science,132.html
133,/subject/earth-science,https://www.classcentral.com/subject/earth-science,133.html
134,/subject/applied-science,https://www.classcentral.com/subject/applied-science,134.html
135,/subject/forensic-science,https://www.classcentral.com/subject/forensic-science,135.html
136,/subject/science,https://www.classcentral.com/subject/science,136.html
137,/subject/k12,https://www.classcentral.com/subject/k12,137.html
138,/subject/higher-education,https://www.classcentral.com/subject/higher-education,138.html
139,/subject/stem,https://www.classcentral.com/subject/stem,139.html
140,/subject/teacher-development,https://www.classcentral.com/subject/teacher-development,140.html
141,/subject/course-development,https://www.classcentral.com/subject/course-development,141.html
142,/subject/online-education,https://www.classcentral.com/subject/online-education,142.html
143,/subject/test-prep,https://www.classcentral.com/subject/test-prep,143.html
144,/subject/pedagogy,https://www.classcentral.com/subject/pedagogy,144.html
145,/subject/education,https://www.classcentral.com/subject/education,145.html
146,/subject/sociology,https://www.classcentral.com/subject/sociology,146.html
147,/subject/economics,https://www.classcentral.com/subject/economics,147.html
148,/subject/psychology,https://www.classcentral.com/subject/psychology,148.html
149,/subject/anthropology,https://www.classcentral.com/subject/anthropology,149.html
150,/subject/political-science,https://www.classcentral.com/subject/political-science,150.html
151,/subject/law,https://www.classcentral.com/subject/law,151.html
152,/subject/urban-planning,https://www.classcentral.com/subject/urban-planning,152.html
153,/subject/human-rights,https://www.classcentral.com/subject/human-rights,153.html
154,/subject/sustainability,https://www.classcentral.com/subject/sustainability,154.html
155,/subject/governance,https://www.classcentral.com/subject/governance,155.html
156,/subject/archaeology,https://www.classcentral.com/subject/archaeology,156.html
157,/subject/social-work,https://www.classcentral.com/subject/social-work,157.html
158,/subject/childhood-development,https://www.classcentral.com/subject/childhood-development,158.html
159,/subject/social-sciences,https://www.classcentral.com/subject/social-sciences,159.html
160,/subject/music,https://www.classcentral.com/subject/music,160.html
161,/subject/digital-media,https://www.classcentral.com/subject/digital-media,161.html
162,/subject/visual-arts,https://www.classcentral.com/subject/visual-arts,162.html
163,/subject/design-and-creativity,https://www.classcentral.com/subject/design-and-creativity,163.html
164,/subject/art-and-design,https://www.classcentral.com/subject/art-and-design,164.html
165,/subject/bioinformatics,https://www.classcentral.com/subject/bioinformatics,165.html
166,/subject/big-data,https://www.classcentral.com/subject/big-data,166.html
167,/subject/data-mining,https://www.classcentral.com/subject/data-mining,167.html
168,/subject/data-analysis,https://www.classcentral.com/subject/data-analysis,168.html
169,/subject/data-visualization,https://www.classcentral.com/subject/data-visualization,169.html
170,/subject/jupyter,https://www.classcentral.com/subject/jupyter,170.html
171,/subject/data-science,https://www.classcentral.com/subject/data-science,171.html
172,/subject/mobile-development,https://www.classcentral.com/subject/mobile-development,172.html
173,/subject/web-development,https://www.classcentral.com/subject/web-development,173.html
174,/subject/databases,https://www.classcentral.com/subject/databases,174.html
175,/subject/game-development,https://www.classcentral.com/subject/game-development,175.html
176,/subject/programming-languages,https://www.classcentral.com/subject/programming-languages,176.html
177,/subject/software-development,https://www.classcentral.com/subject/software-development,177.html
178,/subject/cloud-computing,https://www.classcentral.com/subject/cloud-computing,178.html
179,/subject/programming-and-software-development,https://www.classcentral.com/subject/programming-and-software-development,179.html
180,/subject/communication-skills,https://www.classcentral.com/subject/communication-skills,180.html
181,/subject/career-development,https://www.classcentral.com/subject/career-development,181.html
182,/subject/self-improvement,https://www.classcentral.com/subject/self-improvement,182.html
183,/subject/presentation-skills,https://www.classcentral.com/subject/presentation-skills,183.html
184,/subject/resilience,https://www.classcentral.com/subject/resilience,184.html
185,/subject/personal-development,https://www.classcentral.com/subject/personal-development,185.html
186,/subject/cybersecurity,https://www.classcentral.com/subject/cybersecurity,186.html
187,/subject/network-security,https://www.classcentral.com/subject/network-security,187.html
188,/subject/ethical-hacking,https://www.classcentral.com/subject/ethical-hacking,188.html
189,/subject/digital-forensics,https://www.classcentral.com/subject/digital-forensics,189.html
190,/subject/reverse-engineering,https://www.classcentral.com/subject/reverse-engineering,190.html
191,/subject/pentesting,https://www.classcentral.com/subject/pentesting,191.html
192,/subject/malware-analysis,https://www.classcentral.com/subject/malware-analysis,192.html
193,/subject/devsecops,https://www.classcentral.com/subject/devsecops,193.html
194,/subject/osint,https://www.classcentral.com/subject/osint,194.html
195,/subject/threat-intelligence,https://www.classcentral.com/subject/threat-intelligence,195.html
196,/subject/infosec-certifications,https://www.classcentral.com/subject/infosec-certifications,196.html
197,/subject/red-team,https://www.classcentral.com/subject/red-team,197.html
198,/subject/blue-team,https://www.classcentral.com/subject/blue-team,198.html
199,/subject/infosec,https://www.classcentral.com/subject/infosec,199.html
200,https://www.classcentral.com/report/,https://www.classcentral.com/report/,200.html
201,https://www.classcentral.com/report/2022-year-in-review/,https://www.classcentral.com/report/2022-year-in-review/,201.html
202,https://www.classcentral.com/report/2022-year-in-review/,https://www.classcentral.com/report/2022-year-in-review/,202.html
203,https://www.classcentral.com/report/author/dhawal/,https://www.classcentral.com/report/author/dhawal/,203.html
204,https://www.classcentral.com/report/review-china-economic-transformation/,https://www.classcentral.com/report/review-china-economic-transformation/,204.html
205,https://www.classcentral.com/report/most-cited-mooc-research/,https://www.classcentral.com/report/most-cited-mooc-research/,205.html
206,https://www.classcentral.com/report/best-digital-art-courses/,https://www.classcentral.com/report/best-digital-art-courses/,206.html
207,https://www.classcentral.com/report/emoocs-2023-cfp/,https://www.classcentral.com/report/emoocs-2023-cfp/,207.html
208,https://www.classcentral.com/report/best-elm-courses/,https://www.classcentral.com/report/best-elm-courses/,208.html
209,/report/,https://www.classcentral.com/report/,209.html
210,/lists,https://www.classcentral.com/lists,210.html
211,/signup,https://www.classcentral.com/signup,211.html
212,/login,https://www.classcentral.com/login,212.html
213,/signup,https://www.classcentral.com/signup,213.html
214,/login,https://www.classcentral.com/login,214.html
215,/signup,https://www.classcentral.com/signup,215.html
216,https://www.classcentral.com/report/free-google-certifications/,https://www.classcentral.com/report/free-google-certifications/,216.html
217,/subject/digital-skills,https://www.classcentral.com/subject/digital-skills,217.html
218,/subject/communication-skills,https://www.classcentral.com/subject/communication-skills,218.html
219,/subject/business,https://www.classcentral.com/subject/business,219.html
220,/course/success-8087,https://www.classcentral.com/course/success-8087,220.html
221,/course/edx-monitoring-volcanoes-and-magma-movements-13227,https://www.classcentral.com/course/edx-monitoring-volcanoes-and-magma-movements-13227,221.html
222,/course/build-a-computer-3234,https://www.classcentral.com/course/build-a-computer-3234,222.html
223,/subjects,https://www.classcentral.com/subjects,223.html
224,/universities,https://www.classcentral.com/universities,224.html
225,/help/moocs,https://www.classcentral.com/help/moocs,225.html
226,https://www.classcentral.com/report/free-certificates/ ,https://www.classcentral.com/report/free-certificates/ ,226.html
227,/collection/ivy-league-moocs ,https://www.classcentral.com/collection/ivy-league-moocs ,227.html
228,/university/stanford ,https://www.classcentral.com/university/stanford ,228.html
229,/collection/top-free-online-courses ,https://www.classcentral.com/collection/top-free-online-courses ,229.html
230,/subject/cs ,https://www.classcentral.com/subject/cs ,230.html
231,/collection/sustainability-online-courses ,https://www.classcentral.com/collection/sustainability-online-courses ,231.html
232,/university/mit ,https://www.classcentral.com/university/mit ,232.html
233,/institution/google ,https://www.classcentral.com/institution/google ,233.html
234,/institution/amazon ,https://www.classcentral.com/institution/amazon ,234.html
235,/subject/business ,https://www.classcentral.com/subject/business ,235.html
236,https://www.classcentral.com/report/category/best-courses/ ,https://www.classcentral.com/report/category/best-courses/ ,236.html
237,https://www.classcentral.com/report/online-learning-deals/ ,https://www.classcentral.com/report/online-learning-deals/ ,237.html
238,/university/harvard,https://www.classcentral.com/university/harvard,238.html
239,/university/stanford,https://www.classcentral.com/university/stanford,239.html
240,/university/iit-kharagpur,https://www.classcentral.com/university/iit-kharagpur,240.html
241,/university/mit,https://www.classcentral.com/university/mit,241.html
242,/university/rice,https://www.classcentral.com/university/rice,242.html
243,/university/iitm,https://www.classcentral.com/university/iitm,243.html
244,/university/columbia,https://www.classcentral.com/university/columbia,244.html
245,/university/cornell,https://www.classcentral.com/university/cornell,245.html
246,/university/edinburgh,https://www.classcentral.com/university/edinburgh,246.html
247,/university/purdue,https://www.classcentral.com/university/purdue,247.html
248,/university/penn,https://www.classcentral.com/university/penn,248.html
249,/university/duke,https://www.classcentral.com/university/duke,249.html
250,/university/umich,https://www.classcentral.com/university/umich,250.html
251,/universities,https://www.classcentral.com/universities,251.html
252,/provider/coursera,https://www.classcentral.com/provider/coursera,252.html
253,/provider/edx,https://www.classcentral.com/provider/edx,253.html
254,/provider/futurelearn,https://www.classcentral.com/provider/futurelearn,254.html
255,/provider/udemy,https://www.classcentral.com/provider/udemy,255.html
256,/provider/swayam,https://www.classcentral.com/provider/swayam,256.html
257,/provider/linkedin-learning,https://www.classcentral.com/provider/linkedin-learning,257.html
258,/provider/skillshare,https://www.classcentral.com/provider/skillshare,258.html
259,/providers,https://www.classcentral.com/providers,259.html
260,/institution/google,https://www.classcentral.com/institution/google,260.html
261,/institution/amazon,https://www.classcentral.com/institution/amazon,261.html
262,/institution/microsoft,https://www.classcentral.com/institution/microsoft,262.html
263,/institution/ibm,https://www.classcentral.com/institution/ibm,263.html
264,/institution/smithsonian,https://www.classcentral.com/institution/smithsonian,264.html
265,/institution/united-nations,https://www.classcentral.com/institution/united-nations,265.html
266,/institution/british-council,https://www.classcentral.com/institution/british-council,266.html
267,/institutions,https://www.classcentral.com/institutions,267.html
268,/collection/top-free-online-courses,https://www.classcentral.com/collection/top-free-online-courses,268.html
269,https://www.classcentral.com/report/best-free-online-courses-2022/,https://www.classcentral.com/report/best-free-online-courses-2022/,269.html
270,/rankings,https://www.classcentral.com/rankings,270.html
271,/signup,https://www.classcentral.com/signup,271.html
272,https://www.classcentral.com/report/feed/,https://www.classcentral.com/report/feed/,272.html
273,https://www.classcentral.com/report/most-cited-mooc-research/,https://www.classcentral.com/report/most-cited-mooc-research/,273.html
274,https://www.classcentral.com/report/most-cited-mooc-research/,https://www.classcentral.com/report/most-cited-mooc-research/,274.html
275,https://www.classcentral.com/report/author/heba/,https://www.classcentral.com/report/author/heba/,275.html
276,https://www.classcentral.com/report/emoocs-2023-cfp/,https://www.classcentral.com/report/emoocs-2023-cfp/,276.html
277,https://www.classcentral.com/report/author/manoel/,https://www.classcentral.com/report/author/manoel/,277.html
278,https://www.classcentral.com/report/coursera-google-new-deal/,https://www.classcentral.com/report/coursera-google-new-deal/,278.html
279,https://www.classcentral.com/report/author/dhawal/,https://www.classcentral.com/report/author/dhawal/,279.html
280,https://www.classcentral.com/report/coursera-free-online-courses/,https://www.classcentral.com/report/coursera-free-online-courses/,280.html
281,https://www.classcentral.com/report/author/dhawal/,https://www.classcentral.com/report/author/dhawal/,281.html
282,https://www.classcentral.com/report/udemy-layoffs/,https://www.classcentral.com/report/udemy-layoffs/,282.html
283,https://www.classcentral.com/report/author/dhawal/,https://www.classcentral.com/report/author/dhawal/,283.html
284,https://www.classcentral.com/report/harvard-cs50-guide/,https://www.classcentral.com/report/harvard-cs50-guide/,284.html
285,https://www.classcentral.com/report/author/manoel/,https://www.classcentral.com/report/author/manoel/,285.html
286,https://www.classcentral.com/report/chinese-mooc-platforms/,https://www.classcentral.com/report/chinese-mooc-platforms/,286.html
287,https://www.classcentral.com/report/author/ruima/,https://www.classcentral.com/report/author/ruima/,287.html
288,https://www.classcentral.com/report/futurelearn-expands-paywall/,https://www.classcentral.com/report/futurelearn-expands-paywall/,288.html
289,https://www.classcentral.com/report/author/pat-bowden/,https://www.classcentral.com/report/author/pat-bowden/,289.html
290,https://www.classcentral.com/report/udemy-by-the-numbers/,https://www.classcentral.com/report/udemy-by-the-numbers/,290.html
291,https://www.classcentral.com/report/author/dhawal/,https://www.classcentral.com/report/author/dhawal/,291.html
292,https://www.classcentral.com/report/best-digital-art-courses/,https://www.classcentral.com/report/best-digital-art-courses/,292.html
293,https://www.classcentral.com/report/best-digital-art-courses/,https://www.classcentral.com/report/best-digital-art-courses/,293.html
294,https://www.classcentral.com/report/best-elm-courses/,https://www.classcentral.com/report/best-elm-courses/,294.html
295,https://www.classcentral.com/report/best-elm-courses/,https://www.classcentral.com/report/best-elm-courses/,295.html
296,https://www.classcentral.com/report/best-resume-writing-courses/,https://www.classcentral.com/report/best-resume-writing-courses/,296.html
297,https://www.classcentral.com/report/best-resume-writing-courses/,https://www.classcentral.com/report/best-resume-writing-courses/,297.html
298,https://www.classcentral.com/report/best-ocaml-courses/,https://www.classcentral.com/report/best-ocaml-courses/,298.html
299,https://www.classcentral.com/report/best-ocaml-courses/,https://www.classcentral.com/report/best-ocaml-courses/,299.html
300,https://www.classcentral.com/report/best-davinci-resolve-courses/,https://www.classcentral.com/report/best-davinci-resolve-courses/,300.html
301,https://www.classcentral.com/report/best-davinci-resolve-courses/,https://www.classcentral.com/report/best-davinci-resolve-courses/,301.html
302,https://www.classcentral.com/report/,https://www.classcentral.com/report/,302.html
303,https://www.classcentral.com/report/udemy-top-courses/,https://www.classcentral.com/report/udemy-top-courses/,303.html
304,https://www.classcentral.com/report/india-online-degrees/,https://www.classcentral.com/report/india-online-degrees/,304.html
305,https://www.classcentral.com/report/mooc-based-masters-degree/,https://www.classcentral.com/report/mooc-based-masters-degree/,305.html
306,https://www.classcentral.com/report/list-of-mooc-based-microcredentials/,https://www.classcentral.com/report/list-of-mooc-based-microcredentials/,306.html
307,https://www.classcentral.com/collection/ivy-league-moocs,https://www.classcentral.com/collection/ivy-league-moocs,307.html
308,https://www.classcentral.com/report/most-popular-online-courses/,https://www.classcentral.com/report/most-popular-online-courses/,308.html
309,/collections,https://www.classcentral.com/collections,309.html
310,/,https://www.classcentral.com/,310.html
311,/subjects,https://www.classcentral.com/subjects,311.html
312,/subject/cs,https://www.classcentral.com/subject/cs,312.html
313,/subject/psychology,https://www.classcentral.com/subject/psychology,313.html
314,/subject/cybersecurity,https://www.classcentral.com/subject/cybersecurity,314.html
315,/subject/health,https://www.classcentral.com/subject/health,315.html
316,/subject/law,https://www.classcentral.com/subject/law,316.html
317,/subject/accounting,https://www.classcentral.com/subject/accounting,317.html
318,/subject/web-development,https://www.classcentral.com/subject/web-development,318.html
319,/providers,https://www.classcentral.com/providers,319.html
320,/provider/coursera,https://www.classcentral.com/provider/coursera,320.html
321,/provider/edx,https://www.classcentral.com/provider/edx,321.html
322,/provider/futurelearn,https://www.classcentral.com/provider/futurelearn,322.html
323,/provider/udacity,https://www.classcentral.com/provider/udacity,323.html
324,/provider/swayam,https://www.classcentral.com/provider/swayam,324.html
325,/provider/udemy,https://www.classcentral.com/provider/udemy,325.html
326,/provider/linkedin-learning,https://www.classcentral.com/provider/linkedin-learning,326.html
327,/universities,https://www.classcentral.com/universities,327.html
328,/university/harvard,https://www.classcentral.com/university/harvard,328.html
329,/university/stanford,https://www.classcentral.com/university/stanford,329.html
330,/university/gatech,https://www.classcentral.com/university/gatech,330.html
331,/university/umich,https://www.classcentral.com/university/umich,331.html
332,/university/purdue,https://www.classcentral.com/university/purdue,332.html
333,/university/duke,https://www.classcentral.com/university/duke,333.html
334,/university/iitm,https://www.classcentral.com/university/iitm,334.html
335,/institutions,https://www.classcentral.com/institutions,335.html
336,/institution/google,https://www.classcentral.com/institution/google,336.html
337,/institution/microsoft,https://www.classcentral.com/institution/microsoft,337.html
338,/institution/ibm,https://www.classcentral.com/institution/ibm,338.html
339,/institution/amazon,https://www.classcentral.com/institution/amazon,339.html
340,/institution/linuxfoundation,https://www.classcentral.com/institution/linuxfoundation,340.html
341,/institution/british-council,https://www.classcentral.com/institution/british-council,341.html
342,/institution/salesforce,https://www.classcentral.com/institution/salesforce,342.html
343,/rankings,https://www.classcentral.com/rankings,343.html
344,/collection/top-free-online-courses,https://www.classcentral.com/collection/top-free-online-courses,344.html
345,https://www.classcentral.com/report/best-free-online-courses-2022/,https://www.classcentral.com/report/best-free-online-courses-2022/,345.html
346,https://www.classcentral.com/report/most-popular-online-courses/,https://www.classcentral.com/report/most-popular-online-courses/,346.html
347,https://www.classcentral.com/report/most-popular-courses-2023/ ,https://www.classcentral.com/report/most-popular-courses-2023/ ,347.html
348,https://www.classcentral.com/report/coursera-top-courses/,https://www.classcentral.com/report/coursera-top-courses/,348.html
349,https://www.classcentral.com/report/edx-top-courses/,https://www.classcentral.com/report/edx-top-courses/,349.html
350,https://www.classcentral.com/report/udemy-top-courses/,https://www.classcentral.com/report/udemy-top-courses/,350.html
351,/report/,https://www.classcentral.com/report/,351.html
352,https://www.classcentral.com/report/feed/,https://www.classcentral.com/report/feed/,352.html
353,https://www.classcentral.com/report/2022-year-in-review/,https://www.classcentral.com/report/2022-year-in-review/,353.html
354,https://www.classcentral.com/report/class-central-ddos-attack/,https://www.classcentral.com/report/class-central-ddos-attack/,354.html
355,https://www.classcentral.com/report/india-online-degrees/,https://www.classcentral.com/report/india-online-degrees/,355.html
356,https://www.classcentral.com/report/cs50-free-certificate/,https://www.classcentral.com/report/cs50-free-certificate/,356.html
357,https://www.classcentral.com/report/open-university-insiders-perspective/,https://www.classcentral.com/report/open-university-insiders-perspective/,357.html
358,https://www.classcentral.com/report/free-certificates/,https://www.classcentral.com/report/free-certificates/,358.html
359,https://www.classcentral.com/report/google-free-certificates/,https://www.classcentral.com/report/google-free-certificates/,359.html
360,https://www.classcentral.com/report/linkedin-learning-free-learning-paths/,https://www.classcentral.com/report/linkedin-learning-free-learning-paths/,360.html
361,https://www.classcentral.com/report/coursera-free-online-courses/,https://www.classcentral.com/report/coursera-free-online-courses/,361.html
362,https://www.classcentral.com/collection/ivy-league-moocs/,https://www.classcentral.com/collection/ivy-league-moocs/,362.html
363,https://www.classcentral.com/report/writing-free-online-courses/,https://www.classcentral.com/report/writing-free-online-courses/,363.html
364,/about,https://www.classcentral.com/about,364.html
365,https://www.facebook.com/classcentral,https://www.facebook.com/classcentral,365.html
366,https://www.twitter.com/classcentral,https://www.twitter.com/classcentral,366.html
367,https://www.linkedin.com/company/classcentral,https://www.linkedin.com/company/classcentral,367.html
368,https://www.youtube.com/classcentral,https://www.youtube.com/classcentral,368.html
369,/about/privacy-policy,https://www.classcentral.com/about/privacy-policy,369.html
370,/about,https://www.classcentral.com/about,370.html
371,/about/careers,https://www.classcentral.com/about/careers,371.html
372,/help,https://www.classcentral.com/help,372.html
373,/contact,https://www.classcentral.com/contact,373.html
374,http://www.facebook.com/sharer.php?u=https%3A%2F%2Fwww.classcentral.com%2F,http://www.facebook.com/sharer.php?u=https%3A%2F%2Fwww.classcentral.com%2F,374.html
375,https://twitter.com/intent/tweet?url=https%3A%2F%2Fwww.classcentral.com%2F&text=&via=classcentral,https://twitter.com/intent/tweet?url=https%3A%2F%2Fwww.classcentral.com%2F&text=&via=classcentral,375.html
376,/cdn-cgi/l/email-protection#6d521e180f07080e19504b0c001d560f02091450485f5d0519191d1e485e2c485f2b485f2b1a1a1a430e010c1e1e0e0803191f0c01430e0200485f2b,https://www.classcentral.com/cdn-cgi/l/email-protection#6d521e180f07080e19504b0c001d560f02091450485f5d0519191d1e485e2c485f2b485f2b1a1a1a430e010c1e1e0e0803191f0c01430e0200485f2b,376.html
